sample_state,material,image_id,Mean,RMS_Contrast,Entropy,Sharpness,Gradient,SNR,parameter_set,voltage_kV,current_nA,detector,signal_out,mode,magnification,notes,WD_mm,scan_speed_us,suction_V
Fresh,LFP,1,0.4045407,0.20161670067381224,7.2709890653963525,0.0020747863433498424,0.1474841968753173,17.327063591073134,1.0,5.0,0.1,TLD,SE,Immersion,125000x,,3,30.0,70.0
Fresh,LFP,2,0.40399355,0.19931146595285446,7.127004524596258,0.003670175781063261,0.16489035712409092,14.403993722837189,1.0,5.0,0.05,TLD,SE,Immersion,125000x,,3,30.0,70.0
Fresh,LFP,3,0.39832124,0.1969691916198539,7.254584678335271,0.012433540484698987,0.19715281853660657,11.550029677033386,1.0,5.0,0.013,TLD,SE,Immersion,125000x,,3,30.0,70.0
Fresh,LFP,4,0.39889112,0.20054575717115258,6.222204676809353,0.05054564638594282,0.2952936466489808,7.06131854353807,1.0,5.0,0.0031,TLD,SE,Immersion,125000x,,3,30.0,70.0
Fresh,LFP,5,0.4032572,0.2025917130780011,6.293824015115411,0.051008151288833285,0.2831227769500538,7.336747766977711,1.0,5.0,0.0031,TLD,SE,Immersion,125000x,New area to account for beam history effect,3,30.0,70.0
Fresh,LFP,6,0.42236167,0.20497252994779153,7.520155870364271,0.0023116466077568723,0.15167276654447653,16.770216294010037,1.0,5.0,0.1,TLD,SE,Immersion,125000x,same are as sample 5,3,30.0,70.0
Fresh,LFP,7,0.41994318,0.20373177926526106,7.383788093693919,0.004155438187265822,0.17064586489968886,13.857413994765368,1.0,5.0,0.05,TLD,SE,Immersion,125000x,same are as sample 5,3,30.0,70.0
Fresh,LFP,8,0.4155001,0.20073390214752812,7.194606984341418,0.015425024836593203,0.22528597933234842,9.706054632392766,1.0,5.0,0.013,TLD,SE,Immersion,125000x,same are as sample 5,3,30.0,70.0
Fresh,LFP,9,0.4034938,0.20156548325781729,6.229626170393463,0.05345908156014588,0.3134674236275113,6.531532066638943,1.0,5.0,0.0031,TLD,SE,Immersion,125000x,same are as sample 5,3,30.0,70.0
Fresh,LFP,10,0.403917,0.20217614417992427,6.216568085640054,0.05346171329303386,0.3023323986950065,6.838845628047795,1.0,5.0,0.0031,TLD,SE,Immersion,125000x,"same are as sample 5  and same scan as 9, adjusted brightness",3,30.0,70.0
Fresh,LFP,11,0.42632473,0.20612057862595576,7.5353743962019415,0.00235826761015484,0.13503946220145474,18.4979155828912,2.0,5.0,0.1,TLD,SE,Immersion,125000x,,3,30.0,70.0
Fresh,LFP,12,0.43246543,0.1926690937237284,6.156243068192343,0.056768548232390637,0.3064974311404061,7.1031546193212245,2.0,5.0,0.0031,TLD,SE,Immersion,125000x,,3,30.0,70.0
Fresh,LFP,13,0.4297782,0.19163369360622726,6.5358367037106655,0.040919960697636586,0.28237793167953484,7.886807317113653,2.0,4.0,0.0031,TLD,SE,Immersion,125000x,,3,30.0,70.0
Fresh,LFP,14,0.48304513,0.24120864570061837,7.7367184437071135,0.002853907575651554,0.16327825775199692,19.72185641464456,2.0,4.0,0.1,TLD,SE,Immersion,125000x,,3,30.0,70.0
Fresh,LFP,15,0.4817615,0.23111214392463691,7.679603100359062,0.003129695671254956,0.18615239202837988,16.361477863078097,2.0,3.0,0.1,TLD,SE,Immersion,125000x,,3,30.0,70.0
Fresh,LFP,16,0.43890274,0.1993133908387033,6.611680069398853,0.03723146649741904,0.2945936393685198,7.991374046354095,2.0,3.0,0.0031,TLD,SE,Immersion,125000x,,3,30.0,70.0
Fresh,LFP,17,0.43139407,0.18114466277773292,6.395749395397067,0.033371467781881936,0.2686873142231687,8.845298128401858,2.0,2.0,0.0031,TLD,SE,Immersion,125000x,There are two instances of this one is a little blurry,3,30.0,70.0
Fresh,LFP,17,0.42594916,0.18132589540217203,6.475160257981293,0.03117098914887575,0.27960290460541865,8.332514397749161,2.0,2.0,0.0031,TLD,SE,Immersion,125000x,There are two instances of this one is a little blurry,3,30.0,70.0
Fresh,LFP,18,0.44569886,0.186796425828689,7.273900329019607,0.0032910134341386237,0.18627834238703256,13.958194491370849,2.0,2.0,0.1,TLD,SE,Immersion,125000x,,3,30.0,70.0
Fresh,LFP,19,0.47829893,0.17431049073810947,6.930333471838015,0.0024570115962727745,0.16587780393998725,18.768479522711235,2.0,1.0,0.1,TLD,SE,Immersion,125000x,,3,30.0,70.0
Fresh,LFP,20,0.45947966,0.18216402386215155,6.273546448815187,0.0339341653866733,0.3056997252061513,8.51121821949888,2.0,1.0,0.0031,TLD,SE,Immersion,125000x,,3,30.0,70.0
Fresh,LFP,21,0.48539773,0.21581798482277134,7.67942696097433,0.004019933267355632,0.1531352305243521,19.570096066965977,3.0,5.0,0.05,TLD,SE,Immersion,125000x,,3,30.0,70.0
Fresh,LFP,22,0.45077407,0.1976289609861562,7.328096461834492,0.004120613159278048,0.14596811133214022,19.313114303472226,3.0,5.0,0.05,TLD,SE,Immersion,125000x,,3,30.0,10.0
Fresh,LFP,23,0.49459258,0.21438864267479985,7.654367622348511,0.004409711986301781,0.14500937106380093,23.310931802268332,3.0,5.0,0.05,TLD,SE,Immersion,125000x,,3,30.0,20.0
Fresh,LFP,24,0.50506276,0.21943451090522667,7.67057259139054,0.00508064814645302,0.16931572250360516,17.520550125119286,3.0,5.0,0.05,TLD,SE,Immersion,125000x,,3,30.0,30.0
Fresh,LFP,25,0.51668,0.2237258935253548,7.670800239328498,0.004936125522239203,0.16539777174388048,19.1518787235035,3.0,5.0,0.05,TLD,SE,Immersion,125000x,,3,30.0,40.0
Fresh,LFP,26,0.5182015,0.22517347612214028,7.6675768049793875,0.005562232954992516,0.17928582014311703,16.29988595119845,3.0,5.0,0.05,TLD,SE,Immersion,125000x,,3,30.0,50.0
Fresh,LFP,27,0.5266139,0.22758524356757548,7.65858373682537,0.005435844823631349,0.17715239527186755,17.184846961601576,3.0,5.0,0.05,TLD,SE,Immersion,125000x,,3,30.0,60.0
Fresh,LFP,28,0.53261536,0.22844856235839486,7.644792459542574,0.005217032370346068,0.1663495300483702,19.604794400913768,3.0,5.0,0.05,TLD,SE,Immersion,125000x,,3,30.0,70.0
Fresh,LFP,29,0.53446347,0.2311860142827179,7.63917721240441,0.0059285902899843465,0.18666394482978754,15.790544722614062,3.0,5.0,0.05,TLD,SE,Immersion,125000x,,3,30.0,80.0
Fresh,LFP,30,0.5359547,0.23049025188859426,7.628120744095518,0.005189075501397501,0.17326376794917264,18.461521043144007,3.0,5.0,0.05,TLD,SE,Immersion,125000x,,3,30.0,90.0
Fresh,LFP,31,0.53183305,0.2312848042973119,7.633067523470197,0.006185304126099333,0.19194781991285645,14.884609950685844,3.0,5.0,0.05,TLD,SE,Immersion,125000x,,3,30.0,100.0
Fresh,LFP,32,0.5093213,0.22469231363526762,7.621566979820416,0.005199691492220926,0.1789721981010935,16.010075540316315,3.0,5.0,0.05,TLD,SE,Immersion,125000x,,3,30.0,240.0
Fresh,LFP,33,0.5138487,0.3052864612919234,7.817697522671708,0.0016683969593007263,0.210080003066805,30.876862687838322,4.0,5.0,0.8,CBS,SE,Field-Free,50000x,,4,30.0,
Fresh,LFP,34,0.47928736,0.3123730510282323,7.821056786259831,0.0015157086889224902,0.11441098673463868,48.63069533045713,4.0,5.0,0.8,CBS,SE,Field-Free,100000x,,4,30.0,
Fresh,LFP,35,0.55477935,0.2643434479335868,7.741383093264666,0.0009965884868428918,0.08318983584196095,70.60303388580425,4.0,10.0,0.8,CBS,SE,Field-Free,100000x,,4,30.0,
Fresh,LFP,36,0.5273107,0.25874098311798843,7.805963498911434,0.0009247246577338766,0.14479234795098664,44.12913037330094,4.0,10.0,0.8,CBS,SE,Field-Free,50000x,,4,30.0,
Fresh,LFP,37,0.56202626,0.2404448508326115,7.434694216449218,0.0013371218047413605,0.07698964778711424,63.59299432009976,4.0,15.0,0.8,CBS,SE,Field-Free,100000x,,4,30.0,
Fresh,LFP,38,0.54917026,0.2284310464907402,7.4838957977765315,0.001165950753823968,0.12309484103651551,47.617943812695486,4.0,15.0,0.8,CBS,SE,Field-Free,50000x,,4,30.0,
Fresh,LFP,39,0.5117204,0.23517302222383626,7.598526095192392,0.002062025804300862,0.07988145417472703,47.65763432111536,4.0,20.0,0.8,CBS,SE,Field-Free,100000x,,4,30.0,
Fresh,LFP,40,0.5277613,0.22751246232819838,7.653436878377938,0.0016943130656263575,0.11705848233813865,42.32409502747886,4.0,20.0,0.8,CBS,SE,Field-Free,50000x,,4,30.0,
Fresh,LFP,41,0.38334075,0.2593560334449809,7.638709304664385,0.00924881139845364,1.1951494931603497,9.140945730903798,5.0,30.0,0.024,ICE,SE,,50000x,,4 (with 52 titl shows 13),30.0,
Fresh,LFP,42,0.33486187,0.2424396644854713,7.5347219574947975,0.018765220797620493,1.2581667251867643,6.8705044888110045,5.0,30.0,0.0077,ICE,SE,,50000x,,4 (with 52 titl shows 13),30.0,
Fresh,LFP,43,0.35239235,0.2370316952547382,7.611117262008531,0.10273181996804527,1.8439376427101486,4.128212839924049,5.0,30.0,0.0011,ICE,SE,,50000x,,4 (with 52 titl shows 13),30.0,
Fresh,LFP,44,0.545811,0.29897322871457627,7.4218452249023,0.019652784287063987,1.2011416682122058,12.136677386526147,5.0,30.0,0.04,ICE,SE,,50000x,Two instances one with a new location to account for sample burn,4 (with 52 titl shows 13),30.0,
Fresh,LFP,44,0.45159248,0.2845389339400209,7.661717249795071,0.0064057001274604435,1.1993300490865662,11.524415603604627,5.0,30.0,0.04,ICE,SE,,50000x,Two instances one with a new location to account for sample burn,4 (with 52 titl shows 13),30.0,
Fresh,LFP,45,0.5038701,0.31115147750756983,7.460755795990428,0.017893377640514067,1.2857166280081482,10.569996344373363,6.0,30.0,0.04,ICE,SI,,50000x,,4 (with 52 titl shows 13),30.0,
Fresh,LFP,46,0.37931374,0.23918528379348486,7.676049592188882,0.26849459855685903,2.4169498449889883,3.1346781454216677,6.0,30.0,0.0011,ICE,SI,,50000x,,4 (with 52 titl shows 13),30.0,
Fresh,LFP,47,0.47030923,0.28628314499220564,7.76551399518725,0.07878840027907995,1.7701494365202501,6.127957902440286,6.0,30.0,0.0077,ICE,SI,,50000x,,4 (with 52 titl shows 13),30.0,
Fresh,LFP,48,0.47404128,0.2922064546098898,7.637557395717385,0.029517075137045757,1.307181388394073,9.44815440047144,6.0,30.0,0.024,ICE,SI,,50000x,,4 (with 52 titl shows 13),30.0,
Fresh,LFP,49,0.5073087,0.29492563887495904,7.6082477382530875,0.03927090693044388,1.2070021975123506,10.344235924309018,6.0,15.0,0.022,ICE,SI,,50000x,,4 (with 52 titl shows 13),30.0,
Fresh,LFP,50,0.29597214,0.2200181055705379,6.991727260415185,0.3846883695728807,2.5870546966575834,2.1226987524782843,6.0,15.0,0.00096,ICE,SI,,50000x,,4 (with 52 titl shows 13),30.0,
Fresh,LFP,51,0.41655466,0.2541015498098367,7.771735574910149,0.14715254307886372,1.804789951027619,4.728894046775628,6.0,15.0,0.0038,ICE,SI,,50000x,,4 (with 52 titl shows 13),30.0,
Fresh,LFP,52,0.45987538,0.273961047537054,7.739001032825072,0.07601918596080515,1.417906838563176,7.154597974001799,6.0,15.0,0.011,ICE,SI,,50000x,,4 (with 52 titl shows 13),30.0,
Fresh,LFP,53,0.43534175,0.2924309038036483,7.745054581266133,0.06533965577773963,1.1814531980994745,7.439441234631231,7.0,30.0,0.024,ICE,SI,,100000x,faster photo scan 10 us,4 (with 52 titl shows 13),10.0,
Fresh,LFP,54,0.43901324,0.2798354717519501,7.863180034128659,0.16825652254942275,1.7563762010566006,4.754867117042927,7.0,30.0,0.0077,ICE,SI,,100000x,faster photo scan 10 us,4 (with 52 titl shows 13),10.0,
Fresh,LFP,55,0.36586124,0.27216807569041485,7.787157726502463,0.14697048039419403,1.7645140579402794,4.146105895252383,7.0,30.0,0.0077,ICE,SI,,70000x,faster photo scan 10 us,4 (with 52 titl shows 13),10.0,
Fresh,LFP,56,0.3879339,0.2744288744449844,7.818022548828736,0.1547245496725239,1.8493508166439432,4.2518450641492676,7.0,30.0,0.0077,ICE,SI,,70000x,faster photo scan 10 us,4 (with 52 titl shows 13),10.0,
Fresh,LFP,57,0.46735638,0.2953108358537598,7.781314913339327,0.0691051118837631,1.4598413182781742,7.168106858323102,7.0,30.0,0.0077,ICE,SI,,70000x,back to normal slow scan 30 us,4 (with 52 titl shows 13),30.0,
Fresh,LFP,58,0.46735638,0.2953108358537598,7.781314913339327,0.0691051118837631,1.4598413182781742,7.168106858323102,7.0,30.0,0.0077,ICE,SI,,70000x,,4 (with 52 titl shows 13),30.0,
Fresh,LFP,59,0.47263932,0.2999330797309793,7.781630986198914,0.06848159565028131,1.4731802080007903,7.239216898914889,7.0,30.0,0.0077,ICE,SI,,70000x,,4 (with 52 titl shows 13),30.0,
Fresh,LFP,60,0.448074,0.2971080993387201,7.783361948554353,0.06662066636862816,1.439581162561936,6.994883131824495,7.0,30.0,0.0077,ICE,SI,,70000x,,4 (with 52 titl shows 13),30.0,
Fresh,LFP,61,0.4431259,0.297762736329565,7.737832703839881,0.06706003967422003,1.4557312357483505,6.863063292107031,7.0,30.0,0.0077,ICE,SI,,70000x,,4 (with 52 titl shows 13),30.0,
Fresh,LFP,62,0.45712578,0.29419355782039247,7.776398376179604,0.07543329690902362,1.5170632891587474,6.740043342088802,7.0,30.0,0.0077,ICE,SI,,70000x,,4 (with 52 titl shows 13),30.0,
Fresh,LFP,63,0.32587382,0.22311727914284774,7.344590942685826,0.0019487515538783428,0.14924737639845614,21.010495367331202,8.0,5.0,0.8,ETD,SE,Field-Free,50000x,,4,30.0,
Fresh,LFP,64,0.36903283,0.22660318903338678,7.163958058948308,0.001361368717570612,0.14784440911195795,27.64736541908505,8.0,5.0,1.6,ETD,SE,Field-Free,50000x,"same area as previous, huge drift, due to high current",4,30.0,
Fresh,LFP,65,0.39319572,0.222198525705199,7.2223856184509945,0.005813993118824673,0.1753344085813984,18.240762609870536,8.0,5.0,0.8,ETD,SE,Field-Free,50000x,Different area,4,30.0,
Fresh,LFP,66,0.38808033,0.2760410432553026,7.494824996614486,0.005482215515733619,0.19578531939127325,16.273826632259908,8.0,5.0,0.4,ETD,SE,Field-Free,50000x,same area as previous,4,30.0,
Fresh,LFP,67,0.42041853,0.29452885301667064,7.443682747889285,0.00910962700492815,0.23432343532206285,12.582342174291249,8.0,5.0,0.2,ETD,SE,Field-Free,50000x,same area as previous,4,30.0,
Fresh,LFP,68,0.38963616,0.23564549558974485,7.574794098562532,0.0024783271218767043,0.1599944346117684,24.509348116280307,8.0,5.0,3.2,ETD,SE,Field-Free,50000x,same area as previous,4,30.0,
Fresh,LFP,69,0.3217675,0.23393422287605434,6.9822827528398115,0.002629096511864654,0.1601980051177142,17.863146712986584,8.0,5.0,0.8,ETD,SE,Field-Free,50000x,"same as previous, going down in current",4,30.0,
Fresh,LFP,70,0.32861927,0.22504887046837255,7.211638343223928,0.0032574132671810093,0.14820902744049178,16.40894025617745,8.0,10.0,0.8,ETD,SE,Field-Free,50000x,,4,30.0,
Fresh,LFP,71,0.2949611,0.1918111058940354,7.044045813282779,0.003846166487132851,0.1420134479450381,13.391921136243113,8.0,15.0,0.8,ETD,SE,Field-Free,50000x,"Same are as previous, high voltage also causes drift",4,30.0,
Fresh,LFP,72,0.3198002,0.1872598654219121,6.8854136501119205,0.005556331983411877,0.157280392142866,13.546813531559973,8.0,20.0,0.8,ETD,SE,Field-Free,50000x,same area as previous,4,30.0,
Fresh,LFP,73,0.3083299,0.2023433955412642,7.295585472222933,0.012370709586949953,0.24888905553544705,7.135919964852449,8.0,30.0,0.8,ETD,SE,Field-Free,50000x,same area as previous,4,30.0,
Fresh,LFP,74,0.46064976,0.2343213287376654,7.45897221448462,0.007976389174083158,0.2313564278715612,13.810460799658799,8.0,30.0,1.6,ETD,SE,Field-Free,50000x,same area as previous,4,30.0,
Fresh,LFP,75,0.45933375,0.22598104715816528,7.417298042933543,0.00874170678723507,0.25190721014672385,12.477474952281662,8.0,30.0,1.6,ETD,SE,Field-Free,50000x,same settings different area moving from beam history,4,30.0,
Fresh,LFP,76,0.45410407,0.2198704449150018,7.4063543627794814,0.005321348299035468,0.25944084752329,11.235599622592185,8.0,30.0,3.2,ETD,SE,Field-Free,50000x,same area as previous,4,30.0,
Fresh,LFP,77,0.3210323,0.1855293581585954,6.728962058304844,0.030837220705494797,0.2898852883054098,6.063886776669321,8.0,30.0,0.4,ETD,SE,Field-Free,50000x,same area as previous,4,30.0,
Fresh,LFP,78,0.29705968,0.2330468133363509,7.118871797593449,0.001807502518158585,0.13605629003388978,17.458955656488744,8.0,10.0,1.6,ETD,SE,Field-Free,50000x,same area as previous,4,30.0,
Fresh,LFP,79,0.3412409,0.2540352847944484,7.36284293710423,0.0017297321775759406,0.141466270079476,21.38624834507986,8.0,10.0,1.6,ETD,SE,Field-Free,50000x,Different area,4,30.0,
Fresh,LFP,80,0.35543278,0.2212570820167209,7.356602019684995,0.006250520627231048,0.19270395839565513,10.925286799245264,8.0,10.0,0.4,ETD,SE,Field-Free,50000x,Different area,4,30.0,
Fresh,LFP,81,0.3859204,0.21410846078194085,7.018624824702787,0.010330630209358496,0.1960431413757584,12.904584482819965,8.0,15.0,0.4,ETD,SE,Field-Free,50000x,same area as previous,4,30.0,
Fresh,LFP,82,0.39759484,0.23135777632212892,7.482131127634734,0.0028484959055067685,0.15479321846899596,19.99455152123064,8.0,15.0,1.6,ETD,SE,Field-Free,50000x,same area as previous,4,30.0,
Fresh,LFP,83,0.3991957,0.21157787417508706,7.241454185800078,0.004526796300224013,0.19044465592023863,13.987557041514018,8.0,20.0,1.6,ETD,SE,Field-Free,50000x,same area as previous,4,30.0,
Fresh,LFP,84,0.39433327,0.2108200843486538,7.135848030848031,0.008935793246799027,0.21732169088407075,11.442565967930335,8.0,20.0,0.8,ETD,SE,Field-Free,50000x,same area as previous,4,30.0,
Fresh,LFP,85,0.36161712,0.20344077033017532,7.050066873227598,0.019548573092174153,0.23694330866926608,8.735526186830318,8.0,20.0,0.4,ETD,SE,Field-Free,50000x,same area as previous,4,30.0,
